"LOCATION","MAP_NAME","Longitude","Latitude","Easting","Northing","UTMZone","HOLE","DEPTH_M","ROCK_TYPE","SiO2","TiO2","Al2O3","Fe2O3","FeO","MnO","MgO","CaO","Na2O","K2O","P2O5","LOI","H2O","CO2","Rock"
"BOORABBIN","NORSEMAN",121.79,-32.19,386163.2,6436744,51,"CU52",3.35,"BASALT",49.1,1.04,15.1,0.9,10.6,0.2,7.9,7.1,3.2,0.8,0.12,0.01,3.1,1,"Basalt"
"NORSEMAN","NORSEMAN",121.79,-32.19,386163.2,6436744,51,"CU52",4.26,"BASALT",50.2,0.97,16.4,0.8,7.7,0.2,4.5,11.5,3.7,0.94,0.09,0.01,1.5,1.3,"Basalt"
"NORSEMAN","NORSEMAN",121.79,-32.19,386163.2,6436744,51,"CU52",5.48,"BASALT",50.2,0.92,15,1.7,8.6,0.28,4.9,10.1,3.8,0.21,0.14,0.01,1.6,1.3,"Basalt"
"KOOKYNIE","NORSEMAN",121.79,-32.19,386163.2,6436744,51,"CU52",5.94,"BASALT",50.5,0.91,15,1.9,8.9,0.21,7.1,9.7,2.9,0.33,0.1,0.01,1.7,0.3,"Basalt"
"YOUANMI","NORSEMAN",121.79,-32.19,386163.2,6436744,51,"CU52",7.62,"BASALT",52.2,0.92,15.5,4.2,8.8,0.26,5,9.1,2.9,0.27,0.11,0.01,1.5,1,"Basalt"
"WIDGIEMOOLTHA","NORSEMAN",121.79,-32.19,386163.2,6436744,51,"CU52",9.75,"BASALT",54,0.87,15.5,2.1,9.7,0.24,4.2,8.6,2.7,0.18,0.07,0.01,1.2,0.2,"Basalt"
"WIDGIEMOOLTHA","NORSEMAN",121.79,-32.19,386163.2,6436744,51,"CU52",10.66,"BASALT",49,0.88,14.8,1.6,8.5,0.35,3.8,13.8,1.9,0.25,0.17,0.01,1.4,3.9,"Basalt"
"YOUANMI","NORSEMAN",121.79,-32.19,386163.2,6436744,51,"CU52",15.39,"BASALT",49,0.93,15.9,0.1,10.5,0.34,4.2,12.8,1.4,0.19,0.19,0.01,1.5,3.1,"Basalt"
"WIDGIEMOOLTHA","LAVERTON",121.76,-28.97,379970.9,6794486,51,"9",22.25,"BASALT",47.3,1.41,14.4,3.2,10.7,0.25,5.2,10.3,3.43,0.12,0.14,0.01,3,0.3,"Basalt"
"WIDGIEMOOLTHA","NORSEMAN",121.79,-32.19,386163.2,6436744,51,"CU52",25.6,"BASALT",52,0.92,15.6,0.8,10.4,0.3,4.6,9.7,1.8,0.28,0.13,0.01,2.1,1.4,"Basalt"
"CUE","NORSEMAN",121.77,-32.19,384872.9,6437376,51,"C55",30.48,"BASALT",51.8,0.95,14.7,1.7,8.9,0.2,4.6,12.6,2.2,0.23,0.16,0.01,1,1,"Basalt"
"JACKSON","NORSEMAN",121.78,-32.19,385056.2,6437378,51,"C54",30.48,"BASALT",49.3,0.79,15.3,0.7,9.8,0.22,9,10.3,2.6,0.13,0.15,0.01,1.5,0.01,"Basalt"
"KOOKYNIE","YOUANMI",119.93,-28.87,786673.6,6802854,50,"BL3",34.22,"BASALT",53.1,0.74,12.3,1.7,7.2,0.22,7.4,12.4,3,0.12,0.11,0.01,1.7,0.5,"Basalt"
"NORSEMAN","NORSEMAN",121.77,-32.19,384768.1,6437375,51,"C56",35.05,"BASALT",50.3,1.04,16.3,0.8,9.1,0.25,4.7,12.3,2.6,0.19,0.16,0.01,1.9,0.1,"Basalt"
"NORSEMAN","JACKSON",118.95,-30.59,686978.8,6613249,50,"DJ1",36.57,"BASALT",52.1,0.6,15,1.4,7.9,0.17,7.8,8.3,3.52,0.46,0.08,0.01,2.6,0.1,"Basalt"
"NORSEMAN","YOUANMI",119.93,-28.87,786673.6,6802854,50,"BL2",40.38,"BASALT",51.4,0.8,15,1.4,8.4,0.26,7.8,11,2.19,0.16,0.11,0.01,1.7,0.01,"Basalt"
"NORSEMAN","YOUANMI",119.93,-28.87,786673.6,6802854,50,"BL7",40.53,"BASALT",53,0.73,13.8,1.1,7.5,0.17,7.9,10.6,3.11,0.12,0.03,0.01,1.3,0.2,"Basalt"
"NORSEMAN","LAVERTON",121.76,-28.97,379970.9,6794486,51,"9",45.41,"BASALT",46,1.34,14.1,3.6,10.4,0.28,5.7,11.9,2.82,0.02,0.17,0.01,3.3,0.3,"Basalt"
"NORSEMAN","YOUANMI",119.93,-28.88,786627.8,6801006,50,"BL4",46.63,"BASALT",52.1,0.85,14,1.4,8.4,0.17,7.7,11.6,2.65,0.18,0.05,0.01,1.3,0.01,"Basalt"
"WIDGIEMOOLTHA","YOUANMI",119.93,-28.87,786673.6,6802854,50,"BL7",52.12,"BASALT",53.2,0.78,14.2,1.5,7.9,0.19,7.9,9.9,3.38,0.11,0.08,0.01,1.4,0.01,"Basalt"
"WIDGIEMOOLTHA","LAVERTON",121.76,-28.97,380077.3,6794672,51,"7",54.86,"BASALT",47.8,1.41,14.3,3.2,11.2,0.26,6.2,8.3,3.2,0.07,0.14,0.01,3.9,0.3,"Basalt"
"WIDGIEMOOLTHA","LAVERTON",121.76,-28.97,379970.9,6794486,51,"9",56.99,"BASALT",47,1.35,14.1,2.9,11.7,0.27,6.1,8.9,3.02,0.02,0.14,0.01,4.3,0.3,"Basalt"
"WIDGIEMOOLTHA","YOUANMI",119.93,-28.88,786627.8,6801006,50,"BL4",58.82,"BASALT",52.7,0.76,14.4,1.6,7.5,0.17,7.6,10.6,3.46,0.16,0.07,0.01,1.3,0.3,"Basalt"
"WIDGIEMOOLTHA","NORSEMAN",121.77,-32.19,384768.1,6437375,51,"C56",60.96,"BASALT",50.6,0.99,15.1,1.7,9.7,0.21,6.5,12.2,1.9,0.15,0.19,0.01,0.9,0.01,"Basalt"
"WIDGIEMOOLTHA","NORSEMAN",121.77,-32.19,384872.9,6437376,51,"C55",60.96,"BASALT",49.9,0.92,14.4,1.4,10.7,0.21,7.5,10.6,2.9,0.12,0.13,0.01,0.8,0.01,"Basalt"
"WIDGIEMOOLTHA","NORSEMAN",121.78,-32.19,385501.3,6437383,51,"C60",60.96,"BASALT",53,1.02,16.4,1.2,8.8,0.25,4.6,10.8,3.1,0.17,0.13,0.01,0.5,0.01,"Basalt"
"BOORABBIN","GLENGARRY",118.64,-26.91,663204.3,7021663,50,"GD1",63.7,"BASALT",50.4,1.21,10.9,2,8.4,0.16,11.7,7.5,3.41,0.96,0.1,0.01,2.5,0.3,"Basalt"
"WIDGIEMOOLTHA","CUE",118.1,-27.57,608721.3,6949812,50,"MCY1",67.81,"BASALT",53.1,1.4,14.3,1.8,8.8,0.2,6.1,8.7,2.37,0.31,0.23,0.01,2.3,0.01,"Basalt"
"WIDGIEMOOLTHA","YOUANMI",119.93,-28.87,786673.6,6802854,50,"BL7",69.34,"BASALT",52.4,0.74,14.3,1.4,8.4,0.18,9,10.7,1.57,0.07,0.08,0.01,1.4,0.01,"Basalt"
"WIDGIEMOOLTHA","YOUANMI",119.93,-28.88,786627.8,6801006,50,"BL4",71.01,"BASALT",53.8,0.76,14.2,1.3,7.5,0.21,7.4,11,2.93,0.08,0.06,0.01,1,0.01,"Basalt"
"WIDGIEMOOLTHA","KALGOORLIE",121.09,-31.05,318564,6563076,51,"MD2B",74.37,"BASALT",49.8,0.64,14.8,2.9,8.8,0.09,8,11.8,2.17,0.11,0.08,0.01,1.4,0.01,"Basalt"
"WIDGIEMOOLTHA","BOORABBIN",121.44,-31.4,351994.2,6523990,51,"5307",76.5,"BASALT",51.4,0.28,6.1,1.4,5.1,0.13,10.5,11.7,3.12,0.16,0.06,0.01,1.9,0.1,"Basalt"
"KAMBALDA","YOUANMI",119.93,-28.88,786627.8,6801006,50,"BL4",77.11,"BASALT",51.9,0.76,14.2,1.3,8.3,0.18,7.9,11.1,2.83,0.08,0.09,0.01,1.4,0.01,"Basalt"
"KAMBALDA","YOUANMI",119.93,-28.87,786673.6,6802854,50,"BL3",86.71,"BASALT",52.2,0.74,14.5,1.3,7.6,0.23,7.9,11.6,2.31,0.14,0.12,0.01,1.5,0.2,"Basalt"
"WIDGIEMOOLTHA","CUE",117.86,-27.2,585558.4,6990738,50,"CU2",91.44,"BASALT",53.6,1.33,15.2,3.6,7.3,0.12,4.7,3,4.42,0.3,0.16,0.01,0.5,0.2,"Basalt"
"KAMBALDA","JACKSON",118.95,-30.59,686978.8,6613249,50,"DJ2",91.44,"BASALT",50.3,0.63,15.2,1.7,8.7,0.26,7.7,10.9,2.57,0.08,0.1,0.01,1.4,0.01,"Basalt"
"WIDGIEMOOLTHA","NORSEMAN",121.77,-32.19,384768.1,6437375,51,"C56",91.44,"BASALT",50.4,1.06,15.9,2.4,8.6,0.21,5.1,12,2.7,0.13,0.12,0.01,1.1,0.2,"Basalt"
"WIDGIEMOOLTHA","NORSEMAN",121.77,-32.19,384872.9,6437376,51,"C55",91.44,"BASALT",47.1,0.99,15.7,1.5,10.6,0.23,5.2,12.8,2.7,0.09,0.14,0.01,1.2,1,"Basalt"
"KAMBALDA","NORSEMAN",121.78,-32.19,385501.3,6437383,51,"C60",91.44,"BASALT",50.2,0.95,15.8,1.4,9.7,0.21,8.2,10.3,2.8,0.14,0.18,0.01,1.3,0.1,"Basalt"
"BOORABBIN","NORSEMAN",121.8,-32.19,386896.3,6436752,51,"S49",91.44,"BASALT",49.8,0.64,14.3,1.2,9.9,0.27,7.9,11.6,2.4,0.15,0.13,0.01,1.1,0.2,"Basalt"
"WIDGIEMOOLTHA","NORSEMAN",121.75,-32.2,382969.2,6436677,51,"C114",167.64,"BASALT",51.3,0.84,14.3,1.1,9.1,0.23,8.7,10.1,3.8,0.25,0.13,0.01,1,0.01,"Basalt"
"BOORABBIN","NORSEMAN",121.78,-32.19,385134.7,6437379,51,"C57",170.68,"BASALT",49.4,1.53,13.4,2,13.9,0.29,5.9,8.4,3.1,0.19,0.19,0.01,1.5,0.01,"Basalt"
"KAMBALDA","GLENGARRY",118.64,-26.92,663363.8,7021199,50,"GD2",106.68,"BASALT",52.6,1.05,11.3,1.6,10.1,0.19,8.8,7.8,3.7,0.14,0.1,0.01,2.3,0.01,"Basalt"
"WIDGIEMOOLTHA","JACKSON",118.95,-30.59,686978.8,6613249,50,"DJ2",106.68,"BASALT",53.8,0.6,14.2,1.9,7.7,0.18,7.3,9.3,3.1,0.09,0.09,0.01,1.2,0.01,"Basalt"
"KAMBALDA","NORSEMAN",121.75,-32.2,382969.2,6436677,51,"C114",106.68,"BASALT",51.2,0.93,15.3,1.6,9,0.26,7.2,10.8,2.7,0.16,0.13,0.01,1.2,0.01,"Basalt"
"KAMBALDA","KALGOORLIE",121.09,-31.05,318564,6563076,51,"MD2B",108.26,"BASALT",49.1,0.64,15,2.5,9.2,0.19,8.1,12.4,1.23,0.07,0.13,0.01,1.4,0.01,"Basalt"
"CUE","LAVERTON",121.76,-28.97,380077.3,6794672,51,"7",110.64,"BASALT",47.1,1.41,13.8,2.2,11.6,0.26,6.8,9.6,3.31,0.03,0.17,0.01,3.8,0.01,"Basalt"
"BOORABBIN","KALGOORLIE",121.09,-31.05,318564,6563076,51,"MD2B",120.39,"BASALT",51.2,0.65,15,1.9,9.2,0.2,8.1,12.2,0.97,0.1,0.19,0.01,1.4,0.01,"Basalt"
"WIDGIEMOOLTHA","NORSEMAN",121.76,-32.2,383597.6,6436684,51,"C111",121.92,"BASALT",52.4,0.97,15.3,1.7,9.7,0.16,5.1,8.7,4.6,0.15,0.14,0.01,0.9,0.01,"Basalt"
"CUE","NORSEMAN",121.77,-32.19,384872.9,6437376,51,"C55",121.92,"BASALT",51.3,0.84,15,1.1,9.6,0.19,6.5,11.8,2.4,0.12,0.17,0.01,1,0.01,"Basalt"
"WIDGIEMOOLTHA","NORSEMAN",121.8,-32.19,386896.3,6436752,51,"S49",121.92,"BASALT",50.9,0.68,15,1.1,10.1,0.22,7.3,11.4,1.5,0.53,0.13,0.01,1.1,0.01,"Basalt"
"WIDGIEMOOLTHA","LAVERTON",121.76,-28.97,380077.3,6794672,51,"7",124.35,"BASALT",47.5,1.38,14.3,2.5,10.9,0.23,5.2,10.3,3.74,0.03,0.16,0.01,3.3,0.01,"Basalt"
"WIDGIEMOOLTHA","WIDGIEMOOLTHA",121.53,-31.45,361045.7,6518664,51,"3313",128.93,"BASALT",49.4,0.71,14.3,2.5,9.1,0.27,8.9,12.6,1.65,0.13,0.07,0.01,1.6,0.1,"Basalt"
"GLENGARRY","KALGOORLIE",121.09,-31.05,318564,6563076,51,"MD3B",129.54,"BASALT",50.8,0.63,14.7,2.5,8.7,0.2,7.6,11.2,2.38,0.1,0.19,0.01,1.2,0.01,"Basalt"
"JACKSON","NORSEMAN",121.75,-32.2,382969.2,6436677,51,"C114",137.16,"BASALT",51.4,0.88,14.7,1.7,9.4,0.22,7.6,9.5,3.7,0.23,0.11,0.01,1.1,0.01,"Basalt"
"NORSEMAN","NORSEMAN",121.78,-32.19,385422.7,6437382,51,"C59",137.16,"BASALT",51.8,0.96,16.9,1.1,7.6,0.16,7,7.5,4.9,0.13,0.11,0.01,1.5,0.01,"Basalt"
"WIDGIEMOOLTHA","BOORABBIN",121.44,-31.4,351994.2,6523990,51,"5307",147.21,"BASALT",53.9,0.64,14,2.3,8.2,0.16,7.9,10.1,2.67,0.09,0.09,0.01,1.4,0.1,"Basalt"
"NORSEMAN","NORSEMAN",121.76,-32.2,383597.6,6436684,51,"C111",152.4,"BASALT",53.7,1.02,16.3,0.7,9.6,0.17,5.5,5,5,0.58,0.08,0.01,1.8,0.1,"Basalt"
"WIDGIEMOOLTHA","NORSEMAN",121.77,-32.19,384768.1,6437375,51,"C56",152.4,"BASALT",49.9,2.16,12.8,1.7,15.2,0.29,4.7,8.8,2.8,0.26,0.27,0.01,0.9,0.01,"Basalt"
"WIDGIEMOOLTHA","NORSEMAN",121.78,-32.19,385056.2,6437378,51,"C54",152.4,"BASALT",51.1,0.81,14.7,0.8,9.7,0.21,8.5,11.2,2.4,0.12,0.13,0.01,1,0.01,"Basalt"
"WIDGIEMOOLTHA","NORSEMAN",121.78,-32.19,385501.3,6437383,51,"C60",152.4,"BASALT",53,0.91,14.2,0.8,9.5,0.29,6,10.8,2.6,0.12,0.14,0.01,0.9,0.9,"Basalt"
"COOLGARDIE","NORSEMAN",121.8,-32.19,386896.3,6436752,51,"S49",152.4,"BASALT",50,0.64,13.7,1.3,10.1,0.22,8.5,10.7,2.6,0.22,0.15,0.01,1.2,0.01,"Basalt"
"WIDGIEMOOLTHA","LAVERTON",121.76,-28.97,380077.3,6794672,51,"7",155.14,"BASALT",46.4,1.16,14.9,3,10.3,0.25,6.1,11.7,1.97,0.03,0.16,0.01,3.3,0.8,"Basalt"
"NORSEMAN","KALGOORLIE",121.09,-31.05,318564,6563076,51,"MD2B",160.02,"BASALT",50,0.66,15.2,1.9,9.2,0.21,7.5,13.1,1.03,0.08,0.12,0.01,1.4,0.01,"Basalt"
"WIDGIEMOOLTHA","KALGOORLIE",121.09,-31.05,318564,6563076,51,"MD5B",227.07,"BASALT",50.4,0.62,15,2.6,8.8,0.19,7,12.2,1.99,0.11,0.14,0.01,1.6,0.01,"Basalt"
"WIDGIEMOOLTHA","NORSEMAN",121.78,-32.19,385422.7,6437382,51,"C59",228.6,"BASALT",54,0.92,15.9,1.2,6.9,0.21,4.1,12.4,2.6,0.19,0.19,0.01,1.3,0.3,"Basalt"
"NORSEMAN","BOORABBIN",121.43,-31.38,351404.5,6526446,51,"4405",174.65,"BASALT",49.7,1.84,13.3,2,14.5,0.17,5.6,8.6,3.6,0.19,0.27,0.01,1.5,0.4,"Basalt"
"JACKSON","BOORABBIN",121.43,-31.38,351404.5,6526446,51,"4405",182.88,"BASALT",50,1.82,13,2.5,14.1,0.27,5.7,8.4,3.48,0.15,0.19,0.01,1.9,0.1,"Basalt"
"KAMBALDA","NORSEMAN",121.76,-32.2,383597.6,6436684,51,"C111",182.88,"BASALT",52.9,0.88,14.9,1,8.3,0.2,5.4,10.7,3.8,0.16,0.12,0.01,1.2,0.1,"Basalt"
"WIDGIEMOOLTHA","NORSEMAN",121.77,-32.19,384768.1,6437375,51,"C56",182.88,"BASALT",52.1,0.99,14.3,1.8,9.4,0.27,5.4,10.8,3.2,0.13,0.12,0.01,1.3,0.1,"Basalt"
"WIDGIEMOOLTHA","NORSEMAN",121.78,-32.19,385501.3,6437383,51,"C60",182.88,"BASALT",48.8,0.91,15.3,0.9,10.8,0.22,8,8.8,3.6,0.18,0.15,0.01,1.3,0.1,"Basalt"
"KALGOORLIE","WIDGIEMOOLTHA",121.53,-31.45,360698.9,6518936,51,"4147",184.4,"BASALT",51.5,0.69,14.9,2.2,8,0.15,9.2,10.5,2.4,0.28,0.04,0.01,2.1,0.1,"Basalt"
"KAMBALDA","LAVERTON",121.76,-28.97,380077.3,6794672,51,"7",185.92,"BASALT",50.1,1.1,14.4,2.2,8.7,0.21,5.7,10,3.65,0.02,0.17,0.01,3.1,0.7,"Basalt"
"EULAMINNA","KALGOORLIE",121.09,-31.05,318564,6563076,51,"MD3B",187.45,"BASALT",50.1,0.62,14.6,2.2,8.9,0.2,7.8,12.8,1.66,0.09,0.13,0.01,1.3,0.01,"Basalt"
"WIDGIEMOOLTHA","WIDGIEMOOLTHA",121.53,-31.48,360740.4,6515826,51,"5896",206.65,"BASALT",51.5,0.7,14.1,2.2,7.9,0.21,7.5,12.8,2.81,0.21,0.08,0.01,1,0.2,"Basalt"
"KAMBALDA","NORSEMAN",121.76,-32.2,383597.6,6436684,51,"C111",213.36,"BASALT",50.6,0.93,15.3,1.5,9.6,0.22,6.6,11.2,3.1,0.24,0.17,0.01,1.2,0.01,"Basalt"
"KAMBALDA","NORSEMAN",121.78,-32.19,385501.3,6437383,51,"C60",213.36,"BASALT",51.7,0.85,15.2,1.3,9.3,0.21,6.1,10.1,3.7,0.19,0.15,0.01,1,0.3,"Basalt"
"KAMBALDA","NORSEMAN",121.8,-32.19,386896.3,6436752,51,"S49",213.36,"BASALT",55,1.02,12.7,1.7,10.3,0.3,6.1,9.5,2.3,0.19,0.15,0.01,0.8,0.01,"Basalt"
"KAMBALDA","WIDGIEMOOLTHA",121.53,-31.45,360698.9,6518936,51,"4147",216.1,"BASALT",54.3,0.71,14.3,1.8,6.6,0.19,7,11.8,2.97,0.09,0.06,0.01,1.3,0.2,"Basalt"
"KAMBALDA","KALGOORLIE",121.09,-31.05,318564,6563076,51,"MD3B",217.93,"BASALT",53.6,0.66,15.3,2.3,7.6,0.18,5.8,11.5,1.51,0.1,0.12,0.01,1.4,0.01,"Basalt"
"KAMBALDA","KALGOORLIE",121.09,-31.05,318564,6563076,51,"MD3B",217.93,"BASALT",51.7,0.67,15.6,2.6,8.4,0.19,6.2,11.5,1.87,0.1,0.13,0.01,1.3,0.01,"Basalt"
"EULAMINNA","WIDGIEMOOLTHA",121.53,-31.48,360740.4,6515826,51,"5886",240.79,"BASALT",50.9,0.73,14.5,2.3,8.3,0.2,7.4,12.6,2.46,0.41,0.09,0.01,1.8,0.3,"Basalt"
"WIDGIEMOOLTHA","NORSEMAN",121.78,-32.19,385501.3,6437383,51,"C60",243.84,"BASALT",47.9,1.07,16.5,1.8,11.1,0.22,7,9.4,3.8,0.22,0.15,0.01,1.4,0.1,"Basalt"
"KAMBALDA","NORSEMAN",121.8,-32.19,386896.3,6436752,51,"S49",243.84,"BASALT",50.2,1.1,14.1,1.6,11.9,0.31,6.8,10.5,3.1,0.16,0.16,0.01,0.9,0.01,"Basalt"
"CUE","NORSEMAN",121.78,-32.19,385501.3,6437383,51,"C60",274.32,"BASALT",53.4,0.85,14.8,1.1,7.4,0.19,4.6,13.2,1.7,0.11,0.17,0.01,1.1,1.2,"Basalt"
"CUE","NORSEMAN",121.8,-32.19,386896.3,6436752,51,"S49",274.32,"BASALT",50.7,0.71,14.2,1,8.6,0.18,8.1,11,1.3,1.38,0.12,0.01,1.8,0.1,"Basalt"
"CUE","NORSEMAN",121.75,-32.2,382969.2,6436677,51,"C114",289.56,"BASALT",49.6,0.92,15.4,1.4,9.3,0.25,7.5,9.5,1.3,2.39,0.23,0.01,0.9,1.6,"Basalt"
"CUE","NORSEMAN",121.78,-32.19,385134.7,6437379,51,"C57",292.6,"BASALT",51.8,1.28,14.3,1.5,11.3,0.23,6.8,9.6,2.7,0.2,0.19,0.01,0.9,0.01,"Basalt"
"CUE","NORSEMAN",121.81,-32.26,387913.6,6430019,51,"PE5",297.18,"BASALT",51.3,0.77,13.9,1.4,9.1,0.21,9.1,11.7,1.9,0.09,0.24,0.01,0.9,0.1,"Basalt"
"CUE","KALGOORLIE",121.09,-31.05,318564,6563076,51,"MD2B",303.27,"BASALT",49.3,0.52,11.7,2.6,9.3,0.24,11.7,11,1.97,0.1,0.14,0.01,1.7,0.2,"Basalt"
"CUE","KALGOORLIE",121.09,-31.05,318564,6563076,51,"MD2B",303.27,"BASALT",52.8,0.66,15.4,1.6,6.6,0.16,7.3,10,3.68,0.08,0.16,0.01,1.2,0.4,"Basalt"
"CUE","NORSEMAN",121.76,-32.2,383597.6,6436684,51,"C111",304.8,"BASALT",49.2,0.83,15.3,1.2,9.7,0.18,8.3,9.3,3.4,0.51,0.14,0.01,1.3,0.1,"Basalt"
"CUE","NORSEMAN",121.8,-32.19,386896.3,6436752,51,"S49",304.8,"BASALT",50.2,1.06,13.2,1.2,12.2,0.27,5.7,11.6,2.3,0.14,0.13,0.01,1.6,0.2,"Basalt"
"CUE","WIDGIEMOOLTHA",121.53,-31.45,360698.9,6518936,51,"4147",317.9,"BASALT",52.9,0.78,14.6,2.3,8.3,0.18,7.1,11.9,1.5,0.35,0.07,0.01,1.8,0.2,"Basalt"
"CUE","NORSEMAN",121.75,-32.2,382969.2,6436677,51,"C114",320.04,"BASALT",47.5,1.34,19.3,1.3,8.7,0.16,6.3,6.6,2.7,3.28,0.26,0.01,0.9,0.2,"Basalt"
"CUE","NORSEMAN",121.81,-32.26,387913.6,6430019,51,"PE5",327.66,"BASALT",51.2,0.87,15.7,1.5,8.6,0.19,7.7,10,3.4,0.18,0.23,0.01,0.7,0.01,"Basalt"
"CUE","NORSEMAN",121.76,-32.2,383597.6,6436684,51,"C111",335.28,"BASALT",49.9,1.04,15.4,1.2,9.2,0.19,7.1,11.1,3.4,0.4,0.17,0.01,1,0.01,"Basalt"
"DUKETON","NORSEMAN",121.78,-32.19,385501.3,6437383,51,"C60",335.28,"BASALT",50.4,0.92,15.2,1.4,9.6,0.23,7.3,11,3.1,0.17,0.17,0.01,0.9,0.01,"Basalt"
"EDJUDINA","NORSEMAN",121.78,-32.19,385501.3,6437383,51,"C60",335.28,"BASALT",50.1,0.92,15.5,1.6,9.6,0.21,6.6,11.2,3.1,0.17,0.1,0.01,0.9,0.01,"Basalt"
"KAMBALDA","NORSEMAN",121.76,-32.2,383231,6436680,51,"C109",365.76,"BASALT",50.8,0.92,14.7,1.2,10.2,0.23,7.2,10.1,3.4,0.38,0.09,0.01,1,0.01,"Basalt"
"KAMBALDA","NORSEMAN",121.76,-32.2,383597.6,6436684,51,"C111",365.76,"BASALT",49,0.85,14.9,0.9,9.8,0.22,8,10.4,3.7,0.2,0.11,0.01,1.8,0.1,"Basalt"
"KAMBALDA","NORSEMAN",121.78,-32.19,385501.3,6437383,51,"C60",365.76,"BASALT",50.9,0.9,15.1,0.9,8,0.26,5.7,13,2.3,0.15,0.17,0.01,0.8,1.1,"Basalt"
"KAMBALDA","NORSEMAN",121.76,-32.2,383231,6436680,51,"C109",396.24,"BASALT",53.6,1,16.2,1.3,8.6,0.2,4.5,10.7,3.1,0.22,0.13,0.01,1,0.1,"Basalt"
"KAMBALDA","NORSEMAN",121.78,-32.19,385501.3,6437383,51,"C60",396.24,"BASALT",54.2,0.97,16,1.2,8.6,0.24,6,10.6,2.5,0.12,0.16,0.01,0.8,0.01,"Basalt"
"KAMBALDA","KALGOORLIE",121.09,-31.05,318564,6563076,51,"MD3B",400.81,"BASALT",51.6,0.66,15.3,2.4,7.9,0.19,7,11.1,2.66,0.08,0.13,0.01,1.3,0.01,"Basalt"
"KAMBALDA","NORSEMAN",121.75,-32.2,382969.2,6436677,51,"C114",411.48,"BASALT",55.6,0.84,16.3,0.7,6.8,0.19,4.7,11.2,3,0.05,0.12,0.01,0.6,0.01,"Basalt"
"NORSEMAN","NORSEMAN",121.76,-32.2,383597.6,6436684,51,"C111",426.72,"BASALT",52.4,1.05,16.2,1.5,8.5,0.19,5.1,10.2,3.9,0.26,0.15,0.01,1,0.01,"Basalt"
"NORSEMAN","NORSEMAN",121.78,-32.19,385501.3,6437383,51,"C60",426.72,"BASALT",50.5,0.9,15.3,0.9,8.9,0.23,8,10,3.5,0.11,0.15,0.01,0.9,0.01,"Basalt"
"NORSEMAN","NORSEMAN",121.75,-32.2,382969.2,6436677,51,"C114",441.96,"BASALT",51.5,0.9,15.3,1,9.3,0.24,6,11.9,3.1,0.26,0.15,0.01,1.1,0.01,"Basalt"
"KAMBALDA","NORSEMAN",121.76,-32.2,383597.6,6436684,51,"C111",457.2,"BASALT",49.1,1.02,15.3,0.9,10.2,0.2,7.7,11.1,3,0.25,0.13,0.01,1.2,0.01,"Basalt"
"WIDGIEMOOLTHA","NORSEMAN",121.78,-32.19,385501.3,6437383,51,"C60",457.2,"BASALT",53.9,0.97,15.6,1.9,7.3,0.19,4.7,12.6,1.2,0.08,0.26,0.01,0.9,0.2,"Basalt"
"KAMBALDA","NORSEMAN",121.81,-32.26,388018.3,6430020,51,"PE3",463.29,"BASALT",42.2,0.56,15.9,2.6,6.7,0.19,7.6,16.3,1.5,1.15,0.18,0.01,1.5,4.7,"Basalt"
"KAMBALDA","NORSEMAN",121.75,-32.2,382969.2,6436677,51,"C114",472.44,"BASALT",52.9,0.96,15.6,1.1,8.6,0.22,6.2,10.8,2.4,0.34,0.15,0.01,0.9,0.01,"Basalt"
"NORSEMAN","NORSEMAN",121.76,-32.2,383597.6,6436684,51,"C111",487.68,"BASALT",50.8,1.01,15.7,1.5,8.9,0.25,5.3,11.7,2.4,0.27,0.14,0.01,1.3,0.01,"Basalt"
"WIDGIEMOOLTHA","NORSEMAN",121.75,-32.2,382969.2,6436677,51,"C114",502.92,"BASALT",54.5,0.99,16.4,1.2,7.8,0.18,4.8,10.9,2.4,0.14,0.24,0.01,0.4,0.2,"Basalt"
"KAMBALDA","NORSEMAN",121.76,-32.2,383231,6436680,51,"C109",518.16,"BASALT",50,0.88,15.4,1.8,9.2,0.19,8.1,11.3,2.2,0.09,0.24,0.01,0.6,0.8,"Basalt"
"WIDGIEMOOLTHA","NORSEMAN",121.76,-32.2,383597.6,6436684,51,"C111",518.16,"BASALT",51.4,2.49,13.5,2,13.6,0.27,3.7,7.8,2.7,0.66,0.26,0.01,1.3,0.01,"Basalt"
"KAMBALDA","NORSEMAN",121.75,-32.2,382969.2,6436677,51,"C114",533.4,"BASALT",49.3,0.95,15.4,1.4,8.2,0.21,5.2,11,3.3,0.4,0.19,0.01,1.9,2.1,"Basalt"
"COOLGARDIE","NORSEMAN",121.76,-32.2,383231,6436680,51,"C109",548.64,"BASALT",50.6,1,16.8,1.5,8.6,0.2,5.8,10.2,2.3,1.05,0.12,0.01,1.2,0.01,"Basalt"
"WIDGIEMOOLTHA","NORSEMAN",121.76,-32.2,383597.6,6436684,51,"C111",548.64,"BASALT",49.9,1.12,16.3,2.7,9.3,0.25,5.7,12,2.2,0.2,0.13,0.01,0.7,0.01,"Basalt"
"WIDGIEMOOLTHA","NORSEMAN",121.78,-32.19,385501.3,6437383,51,"C60",548.64,"BASALT",50.8,2.12,12.7,2,14.4,0.25,4,8.6,2.6,0.31,0.24,0.01,1.1,0.01,"Basalt"
"KAMBALDA","NORSEMAN",121.75,-32.2,382969.2,6436677,51,"C114",563.88,"BASALT",52,1.08,16.9,1.3,8.6,0.22,4.7,11.1,3.3,0.29,0.16,0.01,0.8,0.01,"Basalt"
"WIDGIEMOOLTHA","NORSEMAN",121.76,-32.2,383231,6436680,51,"C109",579.12,"BASALT",48.8,1.01,14.6,1.3,10.7,0.26,7.8,9,3.1,1.08,0.13,0.01,1.2,0.01,"Basalt"
"KAMBALDA","NORSEMAN",121.76,-32.2,383597.6,6436684,51,"C111",579.12,"BASALT",48.8,1.06,13.9,1.4,10.9,0.27,7.1,11.1,2.5,0.46,0.13,0.01,1.7,0.2,"Basalt"
"WIDGIEMOOLTHA","NORSEMAN",121.75,-32.2,382969.2,6436677,51,"C114",594.36,"BASALT",51.8,0.9,15.7,1,8.5,0.23,7.2,11.4,2.5,0.24,0.15,0.01,0.7,0.01,"Basalt"
"KAMBALDA","NORSEMAN",121.76,-32.2,383231,6436680,51,"C109",609.6,"BASALT",48.4,1.18,17.7,1.1,9.1,0.19,4.9,10.1,3.8,0.98,0.14,0.01,1.1,0.01,"Basalt"
"WIDGIEMOOLTHA","NORSEMAN",121.76,-32.2,383597.6,6436684,51,"C111",609.6,"BASALT",53.7,1.07,16.3,0.7,8.5,0.23,4.6,11.7,1.8,0.2,0.13,0.01,1,0.01,"Basalt"
"KAMBALDA","NORSEMAN",121.78,-32.19,385501.3,6437383,51,"C60",609.6,"BASALT",49.2,1.05,16.1,1.5,10.4,0.28,6.1,11.2,2.7,0.22,0.16,0.01,1,0.01,"Basalt"
"NORSEMAN","NORSEMAN",121.75,-32.2,382969.2,6436677,51,"C114",624.84,"BASALT",52.1,0.95,16.2,1.2,8.5,0.19,5.9,11.4,2.8,0.2,0.14,0.01,0.8,0.01,"Basalt"
"WIDGIEMOOLTHA","NORSEMAN",121.76,-32.2,383597.6,6436684,51,"C111",640.08,"BASALT",52.8,1.01,14.9,1.2,9,0.22,5.5,12.3,1.2,0.2,0.13,0.01,0.9,0.1,"Basalt"
"WIDGIEMOOLTHA","NORSEMAN",121.78,-32.19,385501.3,6437383,51,"C60",640.08,"BASALT",49.2,0.94,15.4,2.7,8.2,0.23,7.9,9.9,4,0.22,0.15,0.01,1.1,0.01,"Basalt"
"KAMBALDA","NORSEMAN",121.75,-32.2,382969.2,6436677,51,"C114",655.32,"BASALT",51.9,0.95,16.4,1.1,7.7,0.21,6.2,12,2.9,0.19,0.17,0.01,0.7,0.01,"Basalt"
"WIDGIEMOOLTHA","NORSEMAN",121.78,-32.19,385501.3,6437383,51,"C60",670.56,"BASALT",53.1,1.02,15.6,1.9,9,0.22,5.4,10.3,3.4,0.08,0.1,0.01,0.7,0.01,"Basalt"
"WIDGIEMOOLTHA","NORSEMAN",121.76,-32.2,383597.6,6436684,51,"C111",701.04,"BASALT",54.7,0.96,15.4,1.6,8.2,0.23,4.2,11.4,2.3,0.2,0.16,0.01,0.8,0.01,"Basalt"
"WIDGIEMOOLTHA","NORSEMAN",121.78,-32.19,385501.3,6437383,51,"C60",701.04,"BASALT",51.4,1.03,15.4,1.6,8.7,0.24,5.3,9.9,3.6,0.13,0.09,0.01,1.5,0.01,"Basalt"
"KAMBALDA","NORSEMAN",121.75,-32.2,382969.2,6436677,51,"C114",716.28,"BASALT",49.7,0.91,15.1,1.4,10.1,0.24,6.6,10.7,3.9,0.48,0.1,0.01,0.8,0.01,"Basalt"
"KAMBALDA","NORSEMAN",121.75,-32.2,382969.2,6436677,51,"C114",746.76,"BASALT",49.4,0.88,15.1,0.9,9.8,0.24,8.5,12,1.9,0.3,0.14,0.01,1,0.01,"Basalt"
"WIDGIEMOOLTHA","NORSEMAN",121.75,-32.2,382969.2,6436677,51,"C114",868.68,"BASALT",50.9,0.81,14.9,1.1,9.5,0.21,7.8,10.4,3.3,0.25,0.12,0.01,0.8,0.01,"Basalt"
"KAMBALDA","KURNALPI",121.91,-31.13,396138.8,6554883,51,"DDH2",127,"BASALT",55.3,1.84,15,1.4,9.1,0.27,4,8.5,4.05,0.18,0.19,0.01,0.7,0.01,"Basalt"
"WIDGIEMOOLTHA","KURNALPI",121.91,-31.13,396138.8,6554883,51,"DDH2",49,"BASALT",50.4,1.73,13.6,3.8,10.1,0.34,5.6,11.2,1.91,0.26,0.19,0.01,1.2,0.01,"Basalt"
"KAMBALDA","KURNALPI",121.91,-31.13,396138.8,6554883,51,"DDH2",52,"BASALT",48.9,1.85,14.3,4.2,10.5,0.35,5.4,11.7,2.11,0.23,0.19,0.01,1.2,0.01,"Basalt"
"KAMBALDA","KURNALPI",121.91,-31.13,396138.8,6554883,51,"DDH2",74,"BASALT",53.6,1.97,16.3,2.3,8.8,0.28,3.5,8.3,3.78,0.43,0.18,0.01,0.8,0.01,"Basalt"
"NORSEMAN","NORSEMAN",121.79,-32.19,386163.2,6436744,51,"CU53",0.15,"DOLERITE",48.5,0.89,15.8,2.7,8.5,0.22,7.3,10.4,2.2,0.68,0.09,0.01,2.2,0.9,"Dolerite"
"NORSEMAN","NORSEMAN",121.79,-32.19,386163.2,6436744,51,"CU53",2.43,"DOLERITE",48.8,0.86,15.7,1.9,9,0.2,7.3,11.2,2,0.71,0.09,0.01,2.3,1,"Dolerite"
"NORSEMAN","NORSEMAN",121.79,-32.19,386163.2,6436744,51,"CU53",3.1,"DOLERITE",48.8,0.86,16.1,2.3,8.6,0.21,7.1,11,2.5,0.44,0.09,0.01,2.2,0.7,"Dolerite"
"NORSEMAN","NORSEMAN",121.79,-32.19,386163.2,6436744,51,"CU25",4.87,"DOLERITE",48.9,0.77,16.5,1.5,8.7,0.17,6.9,10.5,2.7,0.37,0.1,0.01,1.7,0.5,"Dolerite"
"SIR SAMUEL","NORSEMAN",121.79,-32.19,386163.2,6436744,51,"CU53",6.4,"DOLERITE",46.7,2.46,11.1,2.4,12.7,0.28,5.4,12.1,1.3,0.26,0.24,0.01,1.9,3.9,"Dolerite"
"NORSEMAN","NORSEMAN",121.79,-32.19,386163.2,6436744,51,"CU25",10.66,"DOLERITE",50.3,1,14.3,2.3,9.7,0.2,6.8,10.9,1.8,0.12,0.11,0.01,2.1,1.1,"Dolerite"
"SIR SAMUEL","NORSEMAN",121.79,-32.19,386163.2,6436744,51,"CU53",10.97,"DOLERITE",51.4,1.08,13.6,2.2,10.4,0.25,6.4,8.7,2.2,0.24,0.12,0.01,2.4,1.8,"Dolerite"
"WIDGIEMOOLTHA","NORSEMAN",121.8,-32.26,387208.2,6429918,51,"MY2",15.24,"DOLERITE",52.3,0.45,15.2,2.3,8.5,0.19,7.3,10,2.5,0.29,0.16,0.01,1.5,0.3,"Dolerite"
"NORSEMAN","NORSEMAN",121.79,-32.19,386163.2,6436744,51,"CU53",18.28,"DOLERITE",52.6,0.88,15.8,1.2,7.8,0.2,3.9,11.5,2.5,0.17,0.1,0.01,1.4,3,"Dolerite"
"WIDGIEMOOLTHA","NORSEMAN",121.79,-32.19,386163.2,6436744,51,"CU25",24.68,"DOLERITE",49.1,1.05,15.2,2.4,9.8,0.2,6.7,10.3,2,0.59,0.13,0.01,3.5,0.7,"Dolerite"
"NORSEMAN","NORSEMAN",121.78,-32.19,385134.7,6437379,51,"C57",30.48,"DOLERITE",50.8,0.78,15.2,1.9,8.5,0.18,8.2,10.7,2.2,0.11,0.23,0.01,1.1,0.2,"Dolerite"
"WIDGIEMOOLTHA","NORSEMAN",121.78,-32.19,385501.3,6437383,51,"C60",30.48,"DOLERITE",48.8,1.04,15.7,0.9,10.4,0.19,8.2,10.7,2.2,0.13,0.14,0.01,1.6,0.01,"Dolerite"
"NORSEMAN","NORSEMAN",121.8,-32.26,387835.1,6430018,51,"PE6",30.48,"DOLERITE",53,1.44,15.2,1.8,10.4,0.34,5.5,8.2,2.9,0.15,0.23,0.01,1.1,0.1,"Dolerite"
"NORSEMAN","CUE",118.09,-27.57,608359.1,6949169,50,"YD1",42.06,"DOLERITE",52,1.17,13.8,2.1,10.3,0.14,6.1,7,4,0.29,0.18,0.01,2.2,0.01,"Dolerite"
"WIDGIEMOOLTHA","NORSEMAN",121.8,-32.26,387208.2,6429918,51,"MY2",45.72,"DOLERITE",49.7,0.82,13.6,1.8,11.3,0.22,7.6,10.8,2.2,0.11,0.09,0.01,1.1,0.01,"Dolerite"
"NORSEMAN","NORSEMAN",121.78,-32.19,385134.7,6437379,51,"C57",48.76,"DOLERITE",52,0.85,15.1,1.2,8.6,0.18,6.7,12.2,2.4,0.2,0.12,0.01,1.1,0.1,"Dolerite"
"SIR SAMUEL","NORSEMAN",121.78,-32.19,385056.2,6437378,51,"C54",60.96,"DOLERITE",50.1,0.82,14.7,0.7,9.9,0.19,8.5,11.1,1.9,0.13,0.13,0.01,1.1,0.1,"Dolerite"
"SIR SAMUEL","NORSEMAN",121.8,-32.26,387756.6,6430017,51,"PE7",60.96,"DOLERITE",58.7,2.28,14.7,1.4,8.5,0.24,3.1,5.7,2.7,1.44,0.42,0.01,0.7,0.01,"Dolerite"
"WIDGIEMOOLTHA","NORSEMAN",121.8,-32.19,386896.3,6436752,51,"S49",64.61,"DOLERITE",48,0.51,13.2,1.1,10.6,0.2,12.3,10.4,1.3,0.11,0.11,0.01,2.1,0.01,"Dolerite"
"NORSEMAN","NORSEMAN",121.8,-32.26,387208.2,6429918,51,"MY2",76.2,"DOLERITE",50,0.67,14.2,0.6,10.4,0.2,7.3,10.8,2.3,0.22,0.09,0.01,1.6,0.5,"Dolerite"
"WIDGIEMOOLTHA","NORSEMAN",121.78,-32.19,385056.2,6437378,51,"C54",91.44,"DOLERITE",50.3,0.8,14.5,1.2,9.7,0.21,8.5,11.1,2.2,0.09,0.14,0.01,1.1,0.01,"Dolerite"
"NORSEMAN","NORSEMAN",121.8,-32.26,387756.6,6430017,51,"PE7",91.44,"DOLERITE",55.7,2.15,14.3,1.5,12,0.49,3.9,6.3,2.1,1.6,0.27,0.01,0.6,0.01,"Dolerite"
"WIDGIEMOOLTHA","NORSEMAN",121.78,-32.19,385422.7,6437382,51,"C59",167.64,"DOLERITE",52.2,0.93,15.8,0.5,9.4,0.23,7.3,10.6,2.4,0.09,0.08,0.01,1.2,0.01,"Dolerite"
"NORSEMAN","NORSEMAN",121.8,-32.26,387208.2,6429918,51,"MY2",167.64,"DOLERITE",49.1,0.84,14.4,1.1,11.8,0.2,8.3,10.1,2.6,0.76,0.12,0.01,0.6,0.8,"Dolerite"
"NORSEMAN","NORSEMAN",121.78,-32.19,385056.2,6437378,51,"C54",106.68,"DOLERITE",51.4,0.8,14.9,1.2,9.2,0.21,7.9,11,2.3,0.08,0.13,0.01,1,0.01,"Dolerite"
"WIDGIEMOOLTHA","NORSEMAN",121.8,-32.26,387208.2,6429918,51,"MY2",106.68,"DOLERITE",49.9,0.65,14.1,0.8,10.6,0.21,7.4,10.8,2.5,0.18,0.07,0.01,1.8,0.3,"Dolerite"
"SIR SAMUEL","NORSEMAN",121.78,-32.19,385056.2,6437378,51,"C54",121.92,"DOLERITE",48.6,0.85,15.2,1,10.4,0.17,8.9,10.6,2.2,0.13,0.14,0.01,1.5,0.1,"Dolerite"
"KALGOORLIE","NORSEMAN",121.78,-32.19,385501.3,6437383,51,"C60",121.92,"DOLERITE",48.6,1.16,15.1,1.5,11.7,0.21,8.4,9.5,2.4,0.2,0.18,0.01,1.6,0.1,"Dolerite"
"NORSEMAN","YOUANMI",119.93,-28.87,786673.6,6802854,50,"BL6",122.52,"DOLERITE",52.2,0.71,14,1.4,7.9,0.17,8.7,11,1.9,0.1,0.1,0.01,1.9,0.2,"Dolerite"
"NORSEMAN","NORSEMAN",121.8,-32.26,387208.2,6429918,51,"MY2",137.16,"DOLERITE",51.7,0.66,14,0.9,9.9,0.2,8.3,10.9,2.4,0.44,0.12,0.01,0.7,0.5,"Dolerite"
"NORSEMAN","YOUANMI",119.93,-28.87,786673.6,6802854,50,"BL8",138.98,"DOLERITE",51.1,0.78,14.4,1.4,8.4,0.17,8.2,10.6,2.39,0.1,0.07,0.01,2,0.2,"Dolerite"
"NORSEMAN","YOUANMI",119.93,-28.87,786673.6,6802854,50,"BL6",141.42,"DOLERITE",52.6,0.79,14.2,0.9,9,0.21,9.4,9.3,1.97,0.26,0.09,0.01,1.4,0.4,"Dolerite"
"SIR SAMUEL","NORSEMAN",121.8,-32.26,387835.1,6430018,51,"PE6",144.78,"DOLERITE",50,1.17,14.7,2.1,10.2,0.22,7,9.8,3,0.36,0.19,0.01,1,0.2,"Dolerite"
"NORSEMAN","NORSEMAN",121.78,-32.19,385056.2,6437378,51,"C54",182.88,"DOLERITE",51.7,0.75,14.2,0.9,9.4,0.19,7.9,9.6,2.9,0.1,0.13,0.01,1.2,0.01,"Dolerite"
"NORSEMAN","NORSEMAN",121.78,-32.19,385422.7,6437382,51,"C59",198.12,"DOLERITE",49.7,1.09,14.6,1.6,10.5,0.22,7.8,11.1,2.5,0.17,0.22,0.01,1,0.01,"Dolerite"
"NORSEMAN","NORSEMAN",121.8,-32.26,387208.2,6429918,51,"MY2",198.12,"DOLERITE",49.8,0.83,14.2,1,11.2,0.22,7.8,11.1,2.6,0.15,0.16,0.01,1.5,0.2,"Dolerite"
"NORSEMAN","NORSEMAN",121.78,-32.19,385056.2,6437378,51,"C54",213.36,"DOLERITE",49.4,0.76,14.6,1,9.5,0.18,9.2,10.5,2.2,0.08,0.07,0.01,1.6,0.1,"Dolerite"
"NORSEMAN","NORSEMAN",121.76,-32.2,383597.6,6436684,51,"C111",243.84,"DOLERITE",52.6,0.96,14.5,1.5,9.5,0.22,7.4,11.3,2.4,0.16,0.15,0.01,1,0.01,"Dolerite"
"NORSEMAN","NORSEMAN",121.81,-32.26,388018.3,6430020,51,"PE3",249.93,"DOLERITE",52.2,1.14,13.9,3.2,9.9,0.23,5.5,10.6,2.1,0.09,0.23,0.01,0.8,0.1,"Dolerite"
"NORSEMAN","NORSEMAN",121.8,-32.26,387208.2,6429918,51,"MY2",259.08,"DOLERITE",49.8,0.87,13.7,1.4,11.9,0.23,7.2,10.6,2.7,0.19,0.1,0.01,2,0.01,"Dolerite"
"NORSEMAN","NORSEMAN",121.76,-32.2,383597.6,6436684,51,"C111",274.32,"DOLERITE",52.8,0.91,16.1,0.7,7.3,0.23,6.7,11.7,2.3,0.13,0.14,0.01,0.7,0.01,"Dolerite"
"NORSEMAN","NORSEMAN",121.81,-32.26,388018.3,6430020,51,"PE3",280.41,"DOLERITE",49.5,0.92,15.2,1.6,10.9,0.2,7.9,9.6,3.1,0.14,0.2,0.01,0.6,0.01,"Dolerite"
"NORSEMAN","NORSEMAN",121.78,-32.19,385501.3,6437383,51,"C60",304.8,"DOLERITE",49.4,1.06,14.3,1.9,10.8,0.18,7.6,11.4,2.1,0.05,0.1,0.01,1,0.01,"Dolerite"
"NORSEMAN","NORSEMAN",121.81,-32.26,388018.3,6430020,51,"PE3",310.89,"DOLERITE",53.4,0.68,13.9,1.4,10,0.26,7.8,7.6,3.9,0.11,0.15,0.01,1,0.01,"Dolerite"
"KURNALPI","NORSEMAN",121.81,-32.26,387913.6,6430019,51,"PE5",358.14,"DOLERITE",52.4,2.13,13.7,2.6,13.4,0.25,4.3,8.2,2.6,0.25,0.34,0.01,0.7,0.1,"Dolerite"
"KURNALPI","NORSEMAN",121.81,-32.26,388018.3,6430020,51,"PE3",371.85,"DOLERITE",50.8,0.78,15.3,1.5,8.5,0.2,6.9,10,3.2,1.12,0.19,0.01,1.5,0.5,"Dolerite"
"MT MONGER","NORSEMAN",121.81,-32.26,387913.6,6430019,51,"PE5",388.62,"DOLERITE",50.2,0.88,15.1,1.8,9.8,0.22,7.7,10.8,3.2,0.18,0.24,0.01,0.5,0.01,"Dolerite"
"SIR SAMUEL","NORSEMAN",121.76,-32.2,383597.6,6436684,51,"C111",396.24,"DOLERITE",49.8,0.87,15.1,0.8,10.2,0.16,8.6,10.9,2.2,0.17,0.13,0.01,1,0.1,"Dolerite"
"SIR SAMUEL","NORSEMAN",121.81,-32.26,388018.3,6430020,51,"PE3",402.33,"DOLERITE",52.8,0.89,15.2,1.8,9,0.19,7.5,8.7,4.1,0.2,0.16,0.01,0.5,0.01,"Dolerite"
"SIR SAMUEL","NORSEMAN",121.81,-32.26,388018.3,6430020,51,"PE3",432.81,"DOLERITE",52.3,0.82,15.8,1.6,9.2,0.19,6.1,9.4,4.2,0.08,0.2,0.01,0.6,0.01,"Dolerite"
"SIR SAMUEL","NORSEMAN",121.81,-32.26,387913.6,6430019,51,"PE5",541.02,"DOLERITE",50.8,2.16,14,2.6,13.2,0.24,4.9,9.7,2,0.33,0.34,0.01,0.7,0.01,"Dolerite"
"SIR SAMUEL","NORSEMAN",121.81,-32.26,387913.6,6430019,51,"PE5",571.5,"DOLERITE",49.4,1.38,15.2,2.5,10.9,0.23,7.1,10,2,0.58,0.27,0.01,0.6,0.01,"Dolerite"
"SIR SAMUEL","NORSEMAN",121.81,-32.26,387913.6,6430019,51,"PE5",601.98,"DOLERITE",51,1.39,15.6,2.1,9.9,0.21,5.7,9.5,3.2,0.13,0.24,0.01,0.5,0.01,"Dolerite"
"SIR SAMUEL","NORSEMAN",121.76,-32.2,383597.6,6436684,51,"C111",670.56,"DOLERITE",50.3,0.91,14.5,1.2,10.1,0.22,7.1,10.8,2.4,0.36,0.12,0.01,1.5,0.01,"Dolerite"
"SIR SAMUEL","NORSEMAN",121.75,-32.2,382969.2,6436677,51,"C114",685.8,"DOLERITE",51.2,0.75,14.7,0.9,9.3,0.26,8.4,11.8,1.9,0.24,0.14,0.01,0.9,0.01,"Dolerite"
"SIR SAMUEL","NORSEMAN",121.75,-32.2,382969.2,6436677,51,"C114",777.24,"DOLERITE",49.6,1.21,14.9,1.2,11.1,0.24,6.6,8,3.5,1.53,0.09,0.01,1.1,0.01,"Dolerite"
"SIR SAMUEL","NORSEMAN",121.75,-32.2,382969.2,6436677,51,"C114",807.72,"DOLERITE",49.5,1.18,15,1.3,10.8,0.24,7.3,10.1,3.4,0.53,0.15,0.01,0.9,0.01,"Dolerite"
"SIR SAMUEL","NORSEMAN",121.75,-32.2,382969.2,6436677,51,"C114",838.2,"DOLERITE",50.8,1.3,13.5,1.3,11.7,0.23,7.6,9.4,3,0.67,0.13,0.01,1,0.01,"Dolerite"
"BARLEE","NORSEMAN",121.78,-32.19,385422.7,6437382,51,"C59",15.24,"GABBRO",54.5,1.35,13.9,1.2,10,0.26,6,9.6,2.4,0.09,0.15,0.01,0.6,0.01,"Gabbro"
"BARLEE","NORSEMAN",121.76,-32.2,383597.6,6436684,51,"C111",32.91,"GABBRO",49.8,1.23,16.4,1.4,9.4,0.18,6.2,10.1,2.9,0.39,0.16,0.01,1.4,0.1,"Gabbro"
"BARLEE","NORSEMAN",121.78,-32.19,385422.7,6437382,51,"C59",45.72,"GABBRO",51.9,1,15.1,1.4,9.8,0.25,6.2,9.4,3.2,0.21,0.14,0.01,1.1,0.2,"Gabbro"
"BARLEE","NORSEMAN",121.81,-32.26,387913.6,6430019,51,"PE5",53.34,"GABBRO",51.4,2.18,15.5,2.7,11.2,0.26,3.9,5.5,5.6,0.09,0.39,0.01,0.8,0.1,"Gabbro"
"BELELE","NORSEMAN",121.76,-32.2,383597.6,6436684,51,"C111",60.96,"GABBRO",48.9,1.1,15.9,1.4,9.9,0.23,6.5,11.2,2.9,0.26,0.17,0.01,1.2,0.01,"Gabbro"
"BELELE","NORSEMAN",121.78,-32.19,385422.7,6437382,51,"C59",76.2,"GABBRO",51.8,0.89,16.7,1,8.6,0.23,6.3,10.7,2.6,0.19,0.17,0.01,1,0.01,"Gabbro"
"BELELE","NORSEMAN",121.78,-32.19,385134.7,6437379,51,"C57",79.24,"GABBRO",56.2,1.72,13.1,1.6,10.2,0.23,4,8,3.2,0.09,0.2,0.01,0.9,0.01,"Gabbro"
"BELELE","NORSEMAN",121.76,-32.2,383597.6,6436684,51,"C111",91.44,"GABBRO",50.1,0.93,15.2,1.3,9.3,0.19,6.6,11.1,2.6,0.25,0.16,0.01,1.2,0.3,"Gabbro"
"BELELE","NORSEMAN",121.78,-32.19,385422.7,6437382,51,"C59",106.68,"GABBRO",49,0.97,16.2,1.6,10.6,0.23,6.6,10.5,2.3,0.15,0.17,0.01,1.2,0.1,"Gabbro"
"BELELE","NORSEMAN",121.78,-32.19,385134.7,6437379,51,"C57",109.72,"GABBRO",51.1,1.36,13.6,1.8,11.8,0.25,6.1,9.9,2.3,0.16,0.23,0.01,1,0.01,"Gabbro"
"BELELE","NORSEMAN",121.78,-32.19,385134.7,6437379,51,"C57",140.2,"GABBRO",50.5,1.85,12.8,2.2,15.5,0.26,5.3,7.4,2.7,0.16,0.21,0.01,1.1,0.01,"Gabbro"
"BELELE","NORSEMAN",121.75,-32.2,382969.2,6436677,51,"C114",228.6,"GABBRO",51,1.19,14.2,1.6,11.2,0.22,6.6,10.3,2.8,0.25,0.13,0.01,1,0.01,"Gabbro"
"BELELE","NORSEMAN",121.78,-32.19,385134.7,6437379,51,"C57",231.64,"GABBRO",50.2,1.55,12.7,2.2,12.9,0.21,4.4,11,1.8,0.21,0.23,0.01,1.1,1.2,"Gabbro"
"BOORABBIN","NORSEMAN",121.75,-32.2,382969.2,6436677,51,"C114",198.12,"GABBRO",49,0.82,16.3,0.8,8.1,0.16,6.8,11.7,2.5,0.3,0.08,0.01,1.6,2.4,"Gabbro"
"BOORABBIN","NORSEMAN",121.78,-32.19,385134.7,6437379,51,"C57",201.16,"GABBRO",48.7,1.4,13,1.5,14.3,0.22,5.8,10.5,1.9,0.13,0.17,0.01,1.7,0.2,"Gabbro"
"BOORABBIN","NORSEMAN",121.75,-32.2,382969.2,6436677,51,"C114",259.08,"GABBRO",50.8,0.88,16,1.2,9.3,0.19,6.9,11.3,3,0.22,0.1,0.01,0.9,0.1,"Gabbro"
"BOORABBIN","NORSEMAN",121.78,-32.19,385134.7,6437379,51,"C57",323.08,"GABBRO",50.1,1.23,14.6,1.2,11.7,0.19,6.9,9.8,2.3,0.15,0.16,0.01,1.1,0.2,"Gabbro"
"BOORABBIN","NORSEMAN",121.78,-32.19,385501.3,6437383,51,"C60",487.68,"GABBRO",50.5,1.24,15.1,1.3,10,0.19,7.5,11.4,2.5,0.18,0.17,0.01,0.6,0.01,"Gabbro"
"BOORABBIN","NORSEMAN",121.81,-32.26,387913.6,6430019,51,"PE5",701.04,"GABBRO",52.3,0.45,15.8,1.7,6.7,0.18,9.2,10.5,1.9,0.67,0.15,0.01,0.5,0.01,"Gabbro"
"COOLGARDIE","WIDGIEMOOLTHA",121.67,-31.21,373916.9,6545957,51,"KD 8",48.46,"HI6H MG BASALTX",43.6,0.31,9.3,2.3,8.5,0.18,21.7,6.9,0.09,0.1,0.02,0.01,6.6,0.2,"High Mg Basalt"
"COOLGARDIE","BOORABBIN",121.5,-31.43,357443.7,6521448,51,"5850",167.64,"HIGH MG BASALT",48.6,0.41,7.3,1.7,8.8,0.18,26.4,6,0.29,0.05,0.03,0.01,6,1.2,"High Mg Basalt"
"CUE","WIDGIEMOOLTHA",121.51,-31.39,358462,6526205,51,"3303",171.29,"HIGH MG BASALT",39.9,0.64,13.5,2,13.8,0.2,25.4,3.5,0.28,0.03,0.04,0.01,8.4,0.3,"High Mg Basalt"
"CUE","BOORABBIN",121.5,-31.43,357443.7,6521448,51,"5850",171.9,"HIGH MG BASALT",45.6,1.16,13.6,1.9,9.8,0.2,14.3,10.8,2.27,0.2,0.1,0.01,3.3,0.3,"High Mg Basalt"
"CUE","WIDGIEMOOLTHA",121.51,-31.39,358462,6526205,51,"3303",172.21,"HIGH MG BASALT",46.7,0.5,10.7,2.5,9.8,0.26,15.2,11.6,2.26,0.23,0.02,0.01,2.4,0.2,"High Mg Basalt"
"CUE","WIDGIEMOOLTHA",121.53,-31.48,360667.4,6515363,51,"5893",99.66,"HIGH MG BASALT",45.9,0.49,9.6,1.4,9.5,0.18,25.3,6.1,0.56,0.22,0.03,0.01,6.8,0.2,"High Mg Basalt"
"CUE","WIDGIEMOOLTHA",121.51,-31.39,358462,6526205,51,"3303",123.74,"HIGH MG BASALT",46.4,0.39,8.3,1.6,10.5,0.2,24.1,7.2,0.66,0.12,0.03,0.01,5.2,0.01,"High Mg Basalt"
"CUE","BOORABBIN",121.5,-31.43,357443.7,6521448,51,"5850",136.55,"HIGH MG BASALT",47.7,0.37,8.4,1.5,10.3,0.2,21.6,8.9,0.23,0.04,0.03,0.01,5.1,0.2,"High Mg Basalt"
"CUE","WIDGIEMOOLTHA",121.51,-31.45,358956.8,6518913,51,"1185",137.76,"HIGH MG BASALT",45.9,0.53,9.5,1.5,9.9,0.15,24,7.6,0.33,0.04,0.02,0.01,6.1,0.2,"High Mg Basalt"
"CUE","WIDGIEMOOLTHA",121.51,-31.45,358956.8,6518913,51,"1185",143.86,"HIGH MG BASALT",50.9,0.62,12.4,2.2,9,0.15,10.7,10.3,3.19,0.33,0.04,0.01,2.2,0.01,"High Mg Basalt"
"CUE","WIDGIEMOOLTHA",121.51,-31.45,358956.8,6518913,51,"1185",146.91,"HIGH MG BASALT",48.3,0.57,10.9,2.5,10,0.2,13.4,11.4,2.42,0.12,0.04,0.01,1.9,0.01,"High Mg Basalt"
"CUE","WIDGIEMOOLTHA",121.51,-31.45,358956.8,6518913,51,"1185",150.26,"HIGH MG BASALT",45.5,0.64,10.7,1.6,10.3,0.16,21.6,8,0.59,0.48,0.04,0.01,5.3,1,"High Mg Basalt"
"CUE","WIDGIEMOOLTHA",121.51,-31.39,358462,6526205,51,"3303",159.41,"HIGH MG BASALT",44.8,0.47,9.6,1.6,11,0.18,25.9,5.4,0.4,0.02,0.04,0.01,6.5,0.3,"High Mg Basalt"
"CUE","WIDGIEMOOLTHA",121.51,-31.39,358462,6526205,51,"3303",226.46,"HIGH MG BASALT",47.2,0.45,9.1,1.6,10.8,0.21,22.6,6.9,0.53,0.05,0.04,0.01,5.3,0.2,"High Mg Basalt"
"CUE","WIDGIEMOOLTHA",121.51,-31.39,358462,6526205,51,"3303",232.56,"HIGH MG BASALT",47.9,0.57,11.1,2.4,9.6,0.23,13.8,11.4,2.57,0.12,0.03,0.01,1.5,0.1,"High Mg Basalt"
"CUE","WIDGIEMOOLTHA",121.51,-31.39,358462,6526205,51,"3303",177.69,"HIGH MG BASALT",44.8,0.45,10.1,1.8,11.9,0.25,22,7.2,0.63,0.04,0.03,0.01,5.2,0.2,"High Mg Basalt"
"CUE","WIDGIEMOOLTHA",121.53,-31.48,360667.4,6515363,51,"5893",185.31,"HIGH MG BASALT",48.3,0.3,7.2,1.4,9.2,0.19,22.9,9,0.51,0.08,0.03,0.01,5.1,0.3,"High Mg Basalt"
"EDJUDINA","WIDGIEMOOLTHA",121.51,-31.39,358462,6526205,51,"3303",188.67,"HIGH MG BASALT",48.8,0.46,10.1,1.1,10.7,0.21,16.4,9.2,2.18,0.57,0.03,0.01,2.6,0.2,"High Mg Basalt"
"EDJUDINA","WIDGIEMOOLTHA",121.51,-31.39,358462,6526205,51,"3303",190.19,"HIGH MG BASALT",50.5,0.48,11.1,1.7,9.1,0.2,13.6,9.6,3.28,0.22,0.03,0.01,1.5,0.2,"High Mg Basalt"
"EDJUDINA","WIDGIEMOOLTHA",121.51,-31.39,358462,6526205,51,"3303",222.19,"HIGH MG BASALT",47.9,0.42,7.7,1.5,9.8,0.17,24.5,7,0.27,0.02,0.03,0.01,5.5,0.2,"High Mg Basalt"
"EDJUDINA","WIDGIEMOOLTHA",121.51,-31.39,358462,6526205,51,"3303",223.11,"HIGH MG BASALT",48.4,0.45,8.5,1.8,10.2,0.23,20,8.3,1.36,0.25,0.03,0.01,3.9,0.01,"High Mg Basalt"
"EDJUDINA","WIDGIEMOOLTHA",121.51,-31.39,358462,6526205,51,"3303",239.26,"HIGH MG BASALT",50.2,0.56,11.1,2.4,9.4,0.22,13.2,9.1,3.14,0.4,0.03,0.01,1.7,0.1,"High Mg Basalt"
"KURNALPI","WIDGIEMOOLTHA",121.51,-31.39,358462,6526205,51,"3303",242.92,"HIGH MG BASALT",52.2,0.23,4.9,1.3,8.9,0.21,24.4,6.6,0.19,0.04,0.02,0.01,4.6,0.3,"High Mg Basalt"
"KURNALPI","WIDGIEMOOLTHA",121.51,-31.39,358462,6526205,51,"3303",248.1,"HIGH MG BASALT",46,0.51,10,1.7,11.2,0.2,22.5,7,0.48,0.05,0.02,0.01,5,1.2,"High Mg Basalt"
"KURNALPI","WIDGIEMOOLTHA",121.51,-31.39,358462,6526205,51,"3303",256.94,"HIGH MG BASALT",52.1,0.24,4.3,1.2,7.8,0.18,23.4,9.4,0.29,0.02,0.02,0.01,4.2,0.3,"High Mg Basalt"
"KURNALPI","WIDGIEMOOLTHA",121.51,-31.39,358462,6526205,51,"3303",259.99,"HIGH MG BASALT",44.4,0.56,10.6,1.8,12,0.21,21.9,7,0.43,0.11,0.04,0.01,5.7,1,"High Mg Basalt"
"KURNALPI","WIDGIEMOOLTHA",121.53,-31.48,360667.4,6515363,51,"5846",302.66,"HIGH MG BASALT",50.1,0.64,11.5,2.4,9.5,0.19,11.4,10.4,3.48,0.14,0.06,0.01,1.8,0.01,"High Mg Basalt"
"KURNALPI","WIDGIEMOOLTHA",121.53,-31.48,360667.4,6515363,51,"5893",385.57,"HIGH MG BASALT",48.3,0.39,6.6,1.4,9.3,0.18,24.6,7.9,0.13,0.03,0.03,0.01,5.8,0.9,"High Mg Basalt"
"KURNALPI","WIDGIEMOOLTHA",121.53,-31.48,360667.4,6515363,51,"5893",398.67,"HIGH MG BASALT",51.3,0.68,12.4,2.4,9.6,0.21,9.8,9.3,3.74,0.13,0.05,0.01,1.8,0.3,"High Mg Basalt"
"KURNALPI","WIDGIEMOOLTHA",121.53,-31.48,360667.4,6515363,51,"5893",406.29,"HIGH MG BASALT",43.2,0.47,10.4,1.9,12.8,0.21,20.5,9,0.53,0.07,0.04,0.01,5.3,0.7,"High Mg Basalt"
"KURNALPI","WIDGIEMOOLTHA",121.53,-31.48,360667.4,6515363,51,"5893",559.91,"HIGH MG BASALT",46.8,0.41,7.3,1.7,10.4,0.18,24.2,7.9,0.07,0.02,0.04,0.01,6.2,0.1,"High Mg Basalt"
"KURNALPI","WIDGIEMOOLTHA",121.53,-31.48,360667.4,6515363,51,"5893",607.77,"HIGH MG BASALT",49.4,0.2,5.5,1.3,8.8,0.19,23.7,9.3,0.13,0.03,0.02,0.01,5,0.8,"High Mg Basalt"
"KURNALPI","WIDGIEMOOLTHA",121.53,-31.48,360667.4,6515363,51,"5893",615.39,"HIGH MG BASALT",50.4,0.26,5.4,1.3,8.6,0.24,21.1,10.7,0.35,0.05,0.03,0.01,4.4,0.8,"High Mg Basalt"
"KIRKALOCKA","WIDGIEMOOLTHA",121.68,-31.21,374547.6,6546334,51,"KD21",50.59,"HIGH MG BASALTX",44,0.5,10,1.3,11.2,0.09,19.9,2.7,0.6,4.82,0.04,0.01,4.4,0.4,"High Mg Basalt"
"KOOKYNIE","WIDGIEMOOLTHA",121.67,-31.21,373727.3,6546325,51,"KD12",59.13,"HIGH MG BASALTX",45.1,0.27,6.8,1.1,9.6,0.19,22,7.5,0.15,0.02,0.03,0.01,5.9,0.3,"High Mg Basalt"
"KOOKYNIE","WIDGIEMOOLTHA",121.67,-31.21,373727.3,6546325,51,"KD12",60.96,"HIGH MG BASALTX",48.3,0.27,5.5,1.1,8.4,0.18,21.6,9.2,0.19,0.04,0.02,0.01,5,0.1,"High Mg Basalt"
"KOOKYNIE","WIDGIEMOOLTHA",121.67,-31.21,373806.6,6546326,51,"KD 1",65.53,"HIGH MG BASALTX",43.5,0.33,7.4,3.4,7.3,0.19,22.5,6.7,0.07,0.12,0.14,0.01,7.7,0.2,"High Mg Basalt"
"KOOKYNIE","WIDGIEMOOLTHA",121.67,-31.21,373806.6,6546326,51,"KD 1",70.71,"HIGH MG BASALTX",46.4,0.28,6.1,1.9,8.4,0.2,21.7,8.1,0.1,0.1,0.07,0.01,6,0.2,"High Mg Basalt"
"KOOKYNIE","WIDGIEMOOLTHA",121.67,-31.21,373806.6,6546326,51,"KD 1",78.33,"HIGH MG BASALTX",49.7,0.18,3.8,1.6,6.5,0.19,21.8,9.8,0.07,0.03,0.02,0.01,5.9,0.1,"High Mg Basalt"
"KOOKYNIE","WIDGIEMOOLTHA",121.68,-31.21,374362.4,6546332,51,"KD20",92.65,"HIGH MG BASALTX",42.9,0.4,9.1,3.8,7.7,0.14,21.2,5,0.22,3.33,0.03,0.01,5.4,0.2,"High Mg Basalt"
"KOOKYNIE","WIDGIEMOOLTHA",121.68,-31.21,374362.4,6546332,51,"KD20",93.87,"HIGH MG BASALTX",44.9,0.41,8.9,3.6,7.6,0.15,19.6,4.9,0.26,5.48,0.04,0.01,3.8,0.1,"High Mg Basalt"
"KOOKYNIE","WIDGIEMOOLTHA",121.68,-31.21,374362.4,6546332,51,"KD20",95.4,"HIGH MG BASALTX",41.2,0.42,9.3,4.4,7.4,0.18,23.4,5.4,0.29,0.68,0.03,0.01,7,0.1,"High Mg Basalt"
"KOOKYNIE","WIDGIEMOOLTHA",121.67,-31.21,374102.2,6545960,51,"KD16",130.75,"HIGH MG BASALTX",43.5,0.45,8.1,2.4,8.2,0.19,20.9,7.3,0.19,0.06,0.03,0.01,8.2,0.1,"High Mg Basalt"
"KOOKYNIE","WIDGIEMOOLTHA",121.68,-31.21,374362.4,6546332,51,"KD20",199.33,"HIGH MG BASALTX",40.9,0.38,9,1,10.6,0.16,23.5,5.8,0.24,0.08,0.02,0.01,5.8,0.9,"High Mg Basalt"
"KOOKYNIE","WIDGIEMOOLTHA",121.68,-31.21,374477.8,6545533,51,"KD14",202.99,"HIGH MG BASALTX",44.3,0.35,7.9,3,8.2,0.19,21.2,7.1,0.12,0.02,0.05,0.01,6.7,0.7,"High Mg Basalt"
"KOOKYNIE","WIDGIEMOOLTHA",121.68,-31.21,374477.8,6545533,51,"KD14",206.34,"HIGH MG BASALTX",44.2,0.39,8,3,8.5,0.2,20.6,7.3,0.14,0.14,0.03,0.01,7,0.1,"High Mg Basalt"
"KOOKYNIE","WIDGIEMOOLTHA",121.68,-31.21,374477.8,6545533,51,"KD14",210.61,"HIGH MG BASALTX",46,0.19,6.6,2.7,8.4,0.19,21.7,7.8,0.14,0.02,0.03,0.01,5.6,0.3,"High Mg Basalt"
"KOOKYNIE","WIDGIEMOOLTHA",121.68,-31.21,374362.4,6546332,51,"KD20",241.7,"HIGH MG BASALTX",46.9,0.33,6.5,1,9.2,0.16,22.7,8.6,0.17,0.02,0.37,0.01,4.2,0.2,"High Mg Basalt"
"KOOKYNIE","WIDGIEMOOLTHA",121.68,-31.21,374362.4,6546332,51,"KD20",247.8,"HIGH MG BASALTX",43.6,0.37,7.2,3.2,8.6,0.17,23.4,7.2,0.13,0.04,0.41,0.01,5.1,0.1,"High Mg Basalt"
"KOOKYNIE","WIDGIEMOOLTHA",121.68,-31.21,374362.4,6546332,51,"KD20",249.63,"HIGH MG BASALTX",46.2,0.24,5.1,5.1,4.7,0.13,27.5,5,0.06,0.03,0.3,0.01,4.8,0.1,"High Mg Basalt"
"KOOKYNIE","NORSEMAN",121.81,-32.26,387913.6,6430019,51,"PE5",22.86,"METASEDIMENT",49.6,1.54,15.8,2.2,13.3,0.48,5.7,5.3,1.4,1.08,0.23,0.01,1.7,0.2,"Metasediment"
"KOOKYNIE","NORSEMAN",121.81,-32.26,387913.6,6430019,51,"PE5",83.82,"METASEDIMENT",53.1,1.32,18.9,1.1,9.7,0.33,3.6,7.1,4,0.47,0.19,0.01,1,0.2,"Metasediment"
"KOOKYNIE","NORSEMAN",121.8,-32.26,387835.1,6430018,51,"PE6",83.82,"METASEDIMENT",63.9,1.44,15.6,1,7.6,0.21,1.9,5.7,2.1,1.11,0.16,0.01,0.5,0.01,"Metasediment"
"KOOKYNIE","NORSEMAN",121.8,-32.26,387835.1,6430018,51,"PE6",114.3,"METASEDIMENT",40.2,1.83,18.9,2.7,13.4,0.36,3.5,12.5,1.5,0.62,0.28,0.01,1.5,1.1,"Metasediment"
"KOOKYNIE","NORSEMAN",121.8,-32.26,387756.6,6430017,51,"PE7",121.92,"METASEDIMENT",70.8,1.11,8.1,0.9,4.9,0.41,3.4,6.4,0.27,0.24,0.18,0.01,2.2,0.2,"Metasediment"
"KOOKYNIE","NORSEMAN",121.81,-32.26,387913.6,6430019,51,"PE5",144.78,"METASEDIMENT",51.1,1.39,18.3,0.6,12.1,0.29,4.3,5.5,1.4,0.5,0.2,0.01,3.1,0.1,"Metasediment"
"KOOKYNIE","NORSEMAN",121.81,-32.26,387913.6,6430019,51,"PE5",175.26,"METASEDIMENT",53.7,1.46,20.4,0.8,8.4,0.21,3.4,5.2,2.6,2.85,0.22,0.01,1,0.01,"Metasediment"
"KOOKYNIE","NORSEMAN",121.8,-32.26,387835.1,6430018,51,"PE6",175.26,"METASEDIMENT",55.8,1.52,15.3,1.1,10.4,0.31,5.4,3.9,2.6,1.31,0.19,0.01,1.6,0.01,"Metasediment"
"KOOKYNIE","NORSEMAN",121.81,-32.26,387913.6,6430019,51,"PE5",205.74,"METASEDIMENT",62.1,1.49,15.4,0.5,9.3,0.3,2.1,5.6,1.8,0.31,0.13,0.01,0.7,0.1,"Metasediment"
"KOOKYNIE","NORSEMAN",121.8,-32.26,387756.6,6430017,51,"PE7",213.36,"METASEDIMENT",52.1,2.17,15.9,0.2,13.4,0.52,4.4,3.7,4.7,0.18,0.26,0.01,0.6,0.01,"Metasediment"
"KOOLYANOBBING","NORSEMAN",121.8,-32.26,387756.6,6430017,51,"PE7",243.84,"METASEDIMENT",49.5,1.38,11.3,2.4,17,1.15,5.6,8.2,0.64,0.25,0.2,0.01,0.6,0.01,"Metasediment"
"KOOLYANOBBING","NORSEMAN",121.81,-32.26,387913.6,6430019,51,"PE5",266.7,"METASEDIMENT",52.3,0.67,15.8,1.6,10.2,0.31,5.2,7.9,0.34,2.05,0.14,0.01,2.8,0.2,"Metasediment"
"KOOLYANOBBING","NORSEMAN",121.8,-32.26,387756.6,6430017,51,"PE7",274.32,"METASEDIMENT",61.8,1.46,10.2,0.8,5.7,0.29,2.3,9.9,2.8,0.74,0.23,0.01,3.7,0.6,"Metasediment"
"KURNALPI","NORSEMAN",121.8,-32.26,387756.6,6430017,51,"PE7",304.8,"METASEDIMENT",50.5,0.68,14.8,1,11.6,0.31,7.8,8,3,0.14,0.13,0.01,0.9,0.1,"Metasediment"
"KURNALPI","NORSEMAN",121.8,-32.26,387756.6,6430017,51,"PE7",335.28,"METASEDIMENT",61.7,1.65,16.7,0.6,6.3,0.22,2.1,6.2,1.8,0.41,0.26,0.01,1.6,0.1,"Metasediment"
"KURNALPI","NORSEMAN",121.8,-32.26,387756.6,6430017,51,"PE7",365.76,"METASEDIMENT",46.9,0.64,14.2,1.7,11.1,0.32,9.4,11.1,1.4,0.77,0.14,0.01,1.3,0.6,"Metasediment"
"KURNALPI","NORSEMAN",121.81,-32.26,388018.3,6430020,51,"PE3",585.21,"METASEDIMENT",48.3,0.84,16.1,1.8,9.2,0.2,8.6,11,0.57,1.37,0.21,0.01,1.5,0.4,"Metasediment"
"KURNALPI","NORSEMAN",121.81,-32.26,387913.6,6430019,51,"PE5",670.56,"METASEDIMENT",56.2,1.43,15.5,0.5,8.9,0.14,4.9,8.1,0.37,2.12,0.19,0.01,1,0.1,"Metasediment"
"LAVERTON","WIDGIEMOOLTHA",121.68,-31.21,374547.6,6546334,51,"KD21",52.12,"PERIDOTITE",37.9,0.25,5.7,1.1,8.4,0.18,25.5,5.3,0.15,0.02,0.02,0.01,6.6,8.4,"Peridotite"
"LAVERTON","GLENGARRY",118.64,-26.92,663363.8,7021199,50,"GD2",57.6,"PERIDOTITE",43.5,0.54,4.7,4.3,7,0.19,26.7,5,0.14,0.05,0.03,0.01,7.5,0.01,"Peridotite"
"LAVERTON","WIDGIEMOOLTHA",121.53,-31.48,360667.4,6515363,51,"5893",81.38,"PERIDOTITE",46.2,0.33,7.5,1.3,8.8,0.19,27.4,7.2,0.31,0.07,0.02,0.01,4.8,0.4,"Peridotite"
"LEONORA","WIDGIEMOOLTHA",121.53,-31.49,360488.9,6514899,51,"5897",117.95,"PERIDOTITE",44.9,0.23,5,0.9,9.4,0.21,35.2,3.2,0.19,0.02,0.02,0.01,6.4,0.6,"Peridotite"
"(MT)SINGLETON","BOORABBIN",121.43,-31.38,351404.5,6526446,51,"4405",157.27,"PERIDOTITE",47.1,0.33,6.8,1.6,10.5,0.21,27,5.6,0.15,0.03,0.02,0.01,4.7,0.2,"Peridotite"
"(MT)SINGLETON","BOORABBIN",121.43,-31.38,351404.5,6526446,51,"4405",160.32,"PERIDOTITE",48.6,0.38,8,1.5,10,0.22,23.4,7.2,0.28,0.08,0.03,0.01,4.4,0.2,"Peridotite"
"SIR SAMUEL","WIDGIEMOOLTHA",121.53,-31.48,360740.4,6515826,51,"5896",166.42,"PERIDOTITE",42.1,0.22,4.6,0.9,9.2,0.14,39.3,1.6,0.03,0.02,0.03,0.01,11.2,1.1,"Peridotite"
"SIR SAMUEL","WIDGIEMOOLTHA",121.51,-31.39,358462,6526205,51,"3303",192.63,"PERIDOTITE",47.6,0.29,7,1.4,9.4,0.18,28.4,4.5,0.12,0.02,0.03,0.01,6,0.6,"Peridotite"
"MARDA","WIDGIEMOOLTHA",121.68,-31.21,374362.4,6546332,51,"KD20",253.89,"PERIDOTITE",39.9,0.14,3.2,4.3,3.7,0.07,33,1.9,0.05,0.03,0.14,0.01,5.9,7.6,"Peridotite"
"MARDA","WIDGIEMOOLTHA",121.68,-31.21,374362.4,6546332,51,"KD20",257.55,"PERIDOTITE",36.4,0.21,4.6,6.5,5,0.16,27,7.5,0.11,0.04,0.2,0.01,4.2,7.9,"Peridotite"
"MARDA","WIDGIEMOOLTHA",121.68,-31.21,374362.4,6546332,51,"KD20",264.56,"PERIDOTITE",38.5,0.11,2.8,4.3,4.4,0.08,36.4,0.5,0.04,0.03,0.09,0.01,9.1,3.7,"Peridotite"
"MARDA","WIDGIEMOOLTHA",121.68,-31.21,374362.4,6546332,51,"KD20",270.66,"PERIDOTITE",37.7,0.1,2.3,3.4,4.4,0.07,36.8,0.7,0.04,0.02,0.14,0.01,8.2,5.6,"Peridotite"
"MARDA","WIDGIEMOOLTHA",121.68,-31.21,374362.4,6546332,51,"KD20",285.9,"PERIDOTITE",36.9,0.13,2.8,4.4,4.4,0.11,36,1.1,0.04,0.02,0.09,0.01,8.1,6.3,"Peridotite"
"MARDA EAST","SIR SAMUEL",120.57,-27.43,260244.6,6962725,51,"320D",221,"PERIDOTITE",38.8,0.13,3.4,3.8,5.3,0.15,33.2,2.3,0.03,0.03,0.02,0.01,11.8,0.01,"Peridotite"
"MARDA EAST","SIR SAMUEL",120.57,-27.43,260244.6,6962725,51,"320D",252,"PERIDOTITE",38,0.12,3.2,3.3,5.2,0.11,32.9,2.5,0.02,0.03,0.02,0.01,12.9,0.01,"Peridotite"
"MARDA EAST","LEONORA",121.03,-28.46,307829.7,6849613,51,"DD16",79.8,"PERIDOTITE",45.1,0.32,6.4,2.1,6.9,0.17,24.6,7.5,0.49,0.1,0.03,0.01,6.9,0.6,"Peridotite"
"MARDA EAST","LEONORA",121.03,-28.46,307829.7,6849613,51,"DD16",80.7,"PERIDOTITE",44.6,0.28,6.3,2.8,6.1,0.15,25.9,6.2,0.4,0.1,0.03,0.01,7.5,0.3,"Peridotite"
"MARDA EAST","LEONORA",121.03,-28.46,307829.7,6849613,51,"DD16",81,"PERIDOTITE",43.3,0.27,5.9,3.4,6.4,0.15,26.4,5.2,0.38,0.1,0.03,0.01,8.6,0.3,"Peridotite"
"YALGOO","NORSEMAN",121.8,-32.26,387208.2,6429918,51,"MY2",228.6,"PYROXENITE",50.2,0.46,10.8,0.4,9.9,0.21,17,8.3,0.7,0.09,0.1,0.01,2.4,0.1,"Pyroxenite"
"YALGOO","NORSEMAN",121.8,-32.26,387756.6,6430017,51,"PE7",182.88,"PYROXENITE",49.3,0.3,11.3,0.7,9.5,0.23,15.7,8.5,1,0.18,0.13,0.01,1.9,0.2,"Pyroxenite"
"YALGOO","NORSEMAN",121.81,-32.26,387913.6,6430019,51,"PE5",419.1,"PYROXENITE",48.7,0.97,16.2,2.1,10.5,0.19,7.9,9.2,2.7,1.57,0.19,0.01,0.9,0.01,"Pyroxenite"
"YILMIA HILL","NORSEMAN",121.81,-32.26,387913.6,6430019,51,"PE5",480.06,"PYROXENITE",49.8,0.57,12.8,1,8.7,0.18,14.2,9.5,1.7,0.18,0.2,0.01,1.2,0.01,"Pyroxenite"
"YILMIA HILL","NORSEMAN",121.81,-32.26,387913.6,6430019,51,"PE5",510.54,"PYROXENITE",47.6,1.16,15.6,2,10.5,0.25,7.9,10.4,0.6,2.09,0.26,0.01,1.7,0.01,"Pyroxenite"
"YILMIA HILL","NORSEMAN",121.81,-32.26,388018.3,6430020,51,"PE3",554.73,"PYROXENITE",48.5,0.3,10.4,0.8,10.1,0.19,19.7,5.9,0.18,0.6,0.13,0.01,3.5,0.01,"Pyroxenite"
"YILMIA HILL","NORSEMAN",121.81,-32.26,387913.6,6430019,51,"PE5",731.52,"PYROXENITE",52.5,0.4,14.6,0.7,8.1,0.16,12.5,8.7,0.76,0.5,0.18,0.01,1.2,0.1,"Pyroxenite"
"YILMIA HILL","NORSEMAN",121.81,-32.26,387913.6,6430019,51,"PE5",762,"PYROXENITE",53.7,0.44,12.9,0.9,8.9,0.2,13.9,8.2,1.1,0.4,0.15,0.01,0.8,0.01,"Pyroxenite"
"YALGOO","WIDGIEMOOLTHA",121.51,-31.39,358462,6526205,51,"3303",92.96,"Spinel PERIDOTITE",44.6,0.32,6.1,1.6,10.8,0.21,30.5,4.7,0.33,0.02,0.06,0.01,6,0.3,"Spinel Peridotite"
"YALGOO","BOORABBIN",121.48,-31.47,355872.7,6516653,51,"3834",141.73,"Spinel PERIDOTITE",46.6,0.34,7.8,1.2,8.1,0.17,27.6,7.4,0.12,0.02,0.02,0.01,6.3,0.01,"Spinel Peridotite"
"YALGOO","BOORABBIN",121.48,-31.47,355872.7,6516653,51,"3834",147.82,"Spinel PERIDOTITE",44.8,0.48,9.9,1.5,10.1,0.19,24.6,7.3,0.28,0.07,0.05,0.01,6.1,0.1,"Spinel Peridotite"
"YALGOO","BOORABBIN",121.48,-31.47,355872.7,6516653,51,"3834",164.89,"Spinel PERIDOTITE",47.7,0.24,5,1.4,9.1,0.22,28.4,6.8,0.35,0.02,0.05,0.01,5.5,0.01,"Spinel Peridotite"
"YALGOO","WIDGIEMOOLTHA",121.51,-31.39,358462,6526205,51,"3303",209.39,"Spinel PERIDOTITE",44.6,0.47,9.2,1.7,11.4,0.2,24.6,6.7,0.46,0.02,0.02,0.01,5.7,0.1,"Spinel Peridotite"
"YALGOO","LEONORA",121.03,-28.46,307829.7,6849613,51,"DD16",80,"Spinel PERIDOTITE",41.6,0.28,7.6,3.4,8,0.16,24.9,5.7,0.49,0.1,0.04,0.01,8.1,0.5,"Spinel Peridotite"
"YOUANMI","LEONORA",121.03,-28.46,307829.7,6849613,51,"DD16",80.3,"Spinel PERIDOTITE",43.2,0.37,7.4,2.6,8.7,0.2,22.9,7,0.49,0.1,0.02,0.01,6.9,0.3,"Spinel Peridotite"
"YOUANMI","LEONORA",121.03,-28.46,307829.7,6849613,51,"DD16",80.5,"Spinel PERIDOTITE",42.8,0.37,7.3,3.3,8.7,0.2,22.8,7.4,0.45,0.1,0.06,0.01,6.9,0.9,"Spinel Peridotite"
